Province,Business dynamics measure,Active businesses,Opening businesses,Closing businesses
Canada,Jan-15,"869,922","42,433","36,132"
Canada,Feb-15,"871,974","42,586","36,658"
Canada,Mar-15,"874,370","38,927","36,089"
Canada,Apr-15,"874,937","40,082","39,125"
Canada,May-15,"877,609","40,868","36,576"
Canada,Jun-15,"876,600","37,607","39,085"
Canada,Jul-15,"879,519","41,350","38,240"
Canada,Aug-15,"880,326","39,597","37,222"
Canada,Sep-15,"879,007","33,050","38,014"
Canada,Oct-15,"880,484","41,224","39,083"
Canada,Nov-15,"880,830","43,090","38,530"
Canada,Dec-15,"879,103","38,152","39,329"
Canada,Jan-16,"889,778","42,690","38,188"
Canada,Feb-16,"880,768","40,034","46,529"
Canada,Mar-16,"880,144","40,842","40,487"
Canada,Apr-16,"881,620","41,861","39,131"
Canada,May-16,"881,280","39,992","39,753"
Canada,Jun-16,"881,577","38,126","38,041"
Canada,Jul-16,"880,693","44,598","44,537"
Canada,Aug-16,"881,263","40,410","40,799"
Canada,Sep-16,"880,695","36,573","39,777"
Canada,Oct-16,"880,643","41,986","41,230"
Canada,Nov-16,"881,524","47,333","41,964"
Canada,Dec-16,"884,132","42,168","40,377"
Canada,Jan-17,"885,925","40,167","41,382"
Canada,Feb-17,"888,975","41,297","37,050"
Canada,Mar-17,"884,976","41,116","44,997"
Canada,Apr-17,"884,670","41,454","40,217"
Canada,May-17,"889,328","41,941","35,907"
Canada,Jun-17,"893,070","43,274","40,658"
Canada,Jul-17,"888,281","37,117","41,525"
Canada,Aug-17,"891,065","42,454","40,343"
Canada,Sep-17,"893,338","42,654","42,140"
Canada,Oct-17,"891,928","39,324","41,255"
Canada,Nov-17,"892,992","38,668","34,106"
Canada,Dec-17,"892,291","41,036","41,484"
Canada,Jan-18,"893,429","40,515","41,143"
Canada,Feb-18,"895,275","41,776","39,579"
Canada,Mar-18,"896,560","43,028","41,643"
Canada,Apr-18,"897,056","40,533","39,983"
Canada,May-18,"894,862","40,413","42,203"
Canada,Jun-18,"900,118","45,857","41,391"
Canada,Jul-18,"900,023","39,929","39,649"
Canada,Aug-18,"897,840","42,163","46,135"
Canada,Sep-18,"898,395","42,580","42,713"
Canada,Oct-18,"899,862","43,139","42,415"
Canada,Nov-18,"899,513","59,039","52,534"
Canada,Dec-18,"899,279","41,775","42,912"
Canada,Jan-19,"899,491","42,703","42,624"
Canada,Feb-19,"900,653","42,637","42,232"
Canada,Mar-19,"903,014","43,106","40,454"
Canada,Apr-19,"904,557","42,021","41,983"
Canada,May-19,"906,220","44,264","43,151"
Canada,Jun-19,"906,584","44,696","43,236"
Canada,Jul-19,"908,238","43,294","41,452"
Canada,Aug-19,"909,100","40,730","40,181"
Canada,Sep-19,"907,879","41,087","42,620"
Canada,Oct-19,"907,189","40,567","41,593"
Canada,Nov-19,"905,065","41,735","40,233"
Canada,Dec-19,"906,785","41,784","40,531"
Canada,Jan-20,"904,857","41,591","41,569"
Canada,Feb-20,"903,899","36,635","38,822"
Canada,Mar-20,"873,472","34,745","57,160"
Canada,Apr-20,"816,355","37,205","110,044"
Canada,May-20,"792,410","48,101","77,912"
Canada,Jun-20,"800,091","61,778","56,817"
Canada,Jul-20,"821,479","64,085","35,855"
Canada,Aug-20,"836,406","50,123","29,763"
Canada,Sep-20,"852,857","49,347","33,295"
Canada,Oct-20,"862,433","49,236","35,543"
Canada,Nov-20,"863,650","47,028","41,613"
Canada,Dec-20,"878,685","47,312","36,795"
Canada,Jan-21,"882,836","44,558","39,462"
Canada,Feb-21,"887,511","44,538","40,550"
Canada,Mar-21,"893,562","44,785","39,296"
Canada,Apr-21,"893,473","41,892","41,360"
Canada,May-21,"892,916","38,843","39,182"
Canada,Jun-21,"893,220","42,998","40,927"
Canada,Jul-21,"901,593","45,879","36,201"
Canada,Aug-21,"903,512","41,297","40,162"
Canada,Sep-21,"905,405","41,953","41,483"
Canada,Oct-21,"908,987","43,447","39,645"
Canada,Nov-21,"911,980","44,034","40,967"
Canada,Dec-21,"914,126","42,860","42,808"
Canada,Jan-22,"918,419","43,798","40,546"
Canada,Feb-22,"919,293","46,041","45,106"
Canada,Mar-22,"923,037","45,080","42,706"
Canada,Apr-22,"926,586","44,696","38,816"
Canada,May-22,"926,106","42,838","43,112"
Canada,Jun-22,"926,360","42,448","39,879"
Canada,Jul-22,"927,460","44,294","43,461"
Canada,Aug-22,"927,975","43,637","43,983"
Canada,Sep-22,"929,153","42,803","42,212"
Canada,Oct-22,"928,375","43,094","44,088"
Canada,Nov-22,"928,045","42,943","43,319"
Canada,Dec-22,"930,706","43,110","41,216"
Canada,Jan-23,"935,103","43,774","40,901"
Canada,Feb-23,"933,599","42,308","43,078"
Canada,Mar-23,"930,506","39,478","43,904"
Canada,Apr-23,"930,152","46,185","44,186"
Canada,May-23,"933,375","47,846","42,871"
Canada,Jun-23,"933,933","44,585","42,875"
Canada,Jul-23,"933,776","40,278","42,016"
Canada,Aug-23,"934,558","43,914","43,445"
Canada,Sep-23,"934,357","44,144","44,706"
Canada,Oct-23,"934,996","43,531","43,501"
Canada,Nov-23,"936,061","43,476","42,133"
Canada,Dec-23,"936,600","44,520","44,661"
Canada,Jan-24,"938,877","44,872","43,292"
Canada,Feb-24,"938,895","43,594","43,395"
Canada,Mar-24,"939,242","42,851","43,199"
Canada,Apr-24,"939,515","43,059","42,537"
NL,Jan-15,"14,334",747,715
NL,Feb-15,"14,311",676,690
NL,Mar-15,"14,250",633,689
NL,Apr-15,"14,222",628,642
NL,May-15,"14,235",672,641
NL,Jun-15,"14,174",620,653
NL,Jul-15,"14,272",687,676
NL,Aug-15,"14,315",687,637
NL,Sep-15,"14,353",620,581
NL,Oct-15,"14,350",689,689
NL,Nov-15,"14,311",682,695
NL,Dec-15,"14,211",626,691
NL,Jan-16,"14,324",726,664
NL,Feb-16,"14,293",721,731
NL,Mar-16,"14,309",724,681
NL,Apr-16,"14,332",751,714
NL,May-16,"14,326",686,670
NL,Jun-16,"14,248",618,664
NL,Jul-16,"14,247",785,941
NL,Aug-16,"14,185",628,697
NL,Sep-16,"14,114",598,655
NL,Oct-16,"14,101",653,666
NL,Nov-16,"14,084",705,657
NL,Dec-16,"14,083",682,662
NL,Jan-17,"14,048",609,677
NL,Feb-17,"14,039",639,641
NL,Mar-17,"13,990",659,681
NL,Apr-17,"13,929",653,709
NL,May-17,"13,956",692,636
NL,Jun-17,"13,965",692,704
NL,Jul-17,"13,879",580,722
NL,Aug-17,"13,898",690,664
NL,Sep-17,"13,874",680,700
NL,Oct-17,"13,857",629,661
NL,Nov-17,"13,837",590,562
NL,Dec-17,"13,797",642,679
NL,Jan-18,"13,788",650,671
NL,Feb-18,"13,744",621,673
NL,Mar-18,"13,752",704,666
NL,Apr-18,"13,704",580,622
NL,May-18,"13,553",580,724
NL,Jun-18,"13,620",684,658
NL,Jul-18,"13,564",559,656
NL,Aug-18,"13,502",613,697
NL,Sep-18,"13,528",681,690
NL,Oct-18,"13,487",657,705
NL,Nov-18,"13,480",882,743
NL,Dec-18,"13,418",604,675
NL,Jan-19,"13,377",631,683
NL,Feb-19,"13,405",662,638
NL,Mar-19,"13,385",610,620
NL,Apr-19,"13,414",654,621
NL,May-19,"13,324",620,759
NL,Jun-19,"13,363",674,666
NL,Jul-19,"13,391",636,637
NL,Aug-19,"13,377",633,643
NL,Sep-19,"13,309",605,685
NL,Oct-19,"13,221",600,681
NL,Nov-19,"13,161",625,605
NL,Dec-19,"13,124",632,619
NL,Jan-20,"13,068",612,623
NL,Feb-20,"13,026",612,586
NL,Mar-20,"12,754",542,708
NL,Apr-20,"11,813",455,"1,582"
NL,May-20,"11,445",634,"1,190"
NL,Jun-20,"11,697",880,769
NL,Jul-20,"11,983",813,501
NL,Aug-20,"12,136",659,390
NL,Sep-20,"12,355",651,426
NL,Oct-20,"12,512",671,464
NL,Nov-20,"12,322",542,665
NL,Dec-20,"12,482",717,514
NL,Jan-21,"12,526",584,541
NL,Feb-21,"12,469",579,602
NL,Mar-21,"12,486",621,578
NL,Apr-21,"12,418",568,643
NL,May-21,"12,483",577,502
NL,Jun-21,"12,466",540,515
NL,Jul-21,"12,476",544,539
NL,Aug-21,"12,476",565,583
NL,Sep-21,"12,540",584,573
NL,Oct-21,"12,585",598,583
NL,Nov-21,"12,638",633,602
NL,Dec-21,"12,599",613,645
NL,Jan-22,"12,610",624,613
NL,Feb-22,"12,625",642,612
NL,Mar-22,"12,621",613,610
NL,Apr-22,"12,635",629,607
NL,May-22,"12,638",614,636
NL,Jun-22,"12,664",611,576
NL,Jul-22,"12,687",621,609
NL,Aug-22,"12,672",604,624
NL,Sep-22,"12,647",595,627
NL,Oct-22,"12,615",608,631
NL,Nov-22,"12,631",599,590
NL,Dec-22,"12,635",587,591
NL,Jan-23,"12,643",612,587
NL,Feb-23,"12,653",606,582
NL,Mar-23,"12,593",590,636
NL,Apr-23,"12,623",684,636
NL,May-23,"12,623",606,605
NL,Jun-23,"12,617",629,646
NL,Jul-23,"12,611",601,614
NL,Aug-23,"12,628",606,581
NL,Sep-23,"12,671",610,575
NL,Oct-23,"12,676",566,571
NL,Nov-23,"12,657",515,570
NL,Dec-23,"12,636",626,662
NL,Jan-24,"12,681",657,581
NL,Feb-24,"12,674",589,595
NL,Mar-24,"12,745",612,546
NL,Apr-24,"12,730",559,557
PEI,Jan-15,"3,503",210,177
PEI,Feb-15,"3,499",175,178
PEI,Mar-15,"3,515",172,170
PEI,Apr-15,"3,511",183,180
PEI,May-15,"3,531",189,170
PEI,Jun-15,"3,553",196,168
PEI,Jul-15,"3,581",203,171
PEI,Aug-15,"3,595",198,176
PEI,Sep-15,"3,595",155,184
PEI,Oct-15,"3,661",241,173
PEI,Nov-15,"3,640",205,223
PEI,Dec-15,"3,635",184,180
PEI,Jan-16,"3,640",182,190
PEI,Feb-16,"3,620",189,199
PEI,Mar-16,"3,645",205,185
PEI,Apr-16,"3,676",204,181
PEI,May-16,"3,675",209,196
PEI,Jun-16,"3,671",199,178
PEI,Jul-16,"3,682",211,207
PEI,Aug-16,"3,698",215,194
PEI,Sep-16,"3,699",177,198
PEI,Oct-16,"3,702",213,201
PEI,Nov-16,"3,708",217,221
PEI,Dec-16,"3,726",218,195
PEI,Jan-17,"3,754",217,180
PEI,Feb-17,"3,776",230,194
PEI,Mar-17,"3,787",215,211
PEI,Apr-17,"3,791",220,208
PEI,May-17,"3,816",214,183
PEI,Jun-17,"3,819",219,220
PEI,Jul-17,"3,815",211,199
PEI,Aug-17,"3,822",208,197
PEI,Sep-17,"3,879",209,186
PEI,Oct-17,"3,851",209,232
PEI,Nov-17,"3,866",204,193
PEI,Dec-17,"3,885",219,210
PEI,Jan-18,"3,868",225,235
PEI,Feb-18,"3,882",202,190
PEI,Mar-18,"3,893",213,208
PEI,Apr-18,"3,864",206,222
PEI,May-18,"3,884",224,211
PEI,Jun-18,"3,903",215,208
PEI,Jul-18,"3,907",217,214
PEI,Aug-18,"3,912",238,235
PEI,Sep-18,"3,935",236,227
PEI,Oct-18,"3,908",209,232
PEI,Nov-18,"3,890",291,302
PEI,Dec-18,"3,883",228,219
PEI,Jan-19,"3,860",224,238
PEI,Feb-19,"3,890",245,209
PEI,Mar-19,"3,894",196,209
PEI,Apr-19,"3,922",236,199
PEI,May-19,"3,937",226,225
PEI,Jun-19,"3,958",242,215
PEI,Jul-19,"3,981",237,220
PEI,Aug-19,"4,017",224,189
PEI,Sep-19,"3,985",234,257
PEI,Oct-19,"3,965",222,233
PEI,Nov-19,"3,975",222,226
PEI,Dec-19,"3,948",220,236
PEI,Jan-20,"3,943",220,221
PEI,Feb-20,"3,934",203,215
PEI,Mar-20,"3,831",168,268
PEI,Apr-20,"3,544",167,448
PEI,May-20,"3,519",244,293
PEI,Jun-20,"3,597",284,207
PEI,Jul-20,"3,670",246,183
PEI,Aug-20,"3,718",239,170
PEI,Sep-20,"3,766",241,195
PEI,Oct-20,"3,815",228,175
PEI,Nov-20,"3,834",227,203
PEI,Dec-20,"3,884",247,192
PEI,Jan-21,"3,919",202,184
PEI,Feb-21,"3,945",260,215
PEI,Mar-21,"3,951",224,213
PEI,Apr-21,"3,945",206,217
PEI,May-21,"3,942",211,195
PEI,Jun-21,"3,937",201,187
PEI,Jul-21,"3,928",189,213
PEI,Aug-21,"3,940",242,223
PEI,Sep-21,"3,931",220,216
PEI,Oct-21,"3,952",232,231
PEI,Nov-21,"3,980",222,204
PEI,Dec-21,"4,001",229,215
PEI,Jan-22,"4,014",238,224
PEI,Feb-22,"4,042",264,219
PEI,Mar-22,"4,057",248,225
PEI,Apr-22,"4,102",250,221
PEI,May-22,"4,101",233,234
PEI,Jun-22,"4,076",229,226
PEI,Jul-22,"4,123",248,235
PEI,Aug-22,"4,124",234,231
PEI,Sep-22,"4,122",223,220
PEI,Oct-22,"4,155",248,212
PEI,Nov-22,"4,204",250,216
PEI,Dec-22,"4,189",235,247
PEI,Jan-23,"4,226",234,204
PEI,Feb-23,"4,196",223,247
PEI,Mar-23,"4,183",231,236
PEI,Apr-23,"4,221",277,228
PEI,May-23,"4,216",228,229
PEI,Jun-23,"4,225",238,234
PEI,Jul-23,"4,221",224,223
PEI,Aug-23,"4,221",226,224
PEI,Sep-23,"4,231",232,226
PEI,Oct-23,"4,226",217,232
PEI,Nov-23,"4,214",219,237
PEI,Dec-23,"4,206",216,229
PEI,Jan-24,"4,209",227,229
PEI,Feb-24,"4,197",213,222
PEI,Mar-24,"4,203",223,215
PEI,Apr-24,"4,192",221,225
NS,Jan-15,"19,684",886,842
NS,Feb-15,"19,703",865,854
NS,Mar-15,"19,678",801,833
NS,Apr-15,"19,559",812,847
NS,May-15,"19,704",996,846
NS,Jun-15,"19,705",808,862
NS,Jul-15,"19,775",871,829
NS,Aug-15,"19,768",814,833
NS,Sep-15,"19,757",801,822
NS,Oct-15,"19,809",859,801
NS,Nov-15,"19,840",824,819
NS,Dec-15,"19,782",803,850
NS,Jan-16,"19,869",860,743
NS,Feb-16,"19,727",844,"1,000"
NS,Mar-16,"19,846",840,736
NS,Apr-16,"19,937",991,832
NS,May-16,"19,870",833,861
NS,Jun-16,"19,781",708,796
NS,Jul-16,"19,798",844,877
NS,Aug-16,"19,795",851,868
NS,Sep-16,"19,813",810,811
NS,Oct-16,"19,776",837,873
NS,Nov-16,"19,802",910,911
NS,Dec-16,"19,840",912,854
NS,Jan-17,"19,812",840,848
NS,Feb-17,"19,888",878,785
NS,Mar-17,"19,826",853,918
NS,Apr-17,"19,808",888,859
NS,May-17,"19,850",879,802
NS,Jun-17,"19,897",887,866
NS,Jul-17,"19,771",686,851
NS,Aug-17,"19,873",896,784
NS,Sep-17,"19,944",913,853
NS,Oct-17,"19,838",758,868
NS,Nov-17,"19,802",696,806
NS,Dec-17,"19,787",873,830
NS,Jan-18,"19,789",904,881
NS,Feb-18,"19,764",855,870
NS,Mar-18,"19,832",936,867
NS,Apr-18,"19,859",881,839
NS,May-18,"19,866",869,860
NS,Jun-18,"19,975",923,850
NS,Jul-18,"19,974",799,845
NS,Aug-18,"19,947",912,941
NS,Sep-18,"19,977",933,920
NS,Oct-18,"19,981",904,877
NS,Nov-18,"20,086","1,148","1,046"
NS,Dec-18,"19,971",857,898
NS,Jan-19,"19,936",810,866
NS,Feb-19,"19,961",903,858
NS,Mar-19,"19,989",865,849
NS,Apr-19,"19,990",872,857
NS,May-19,"20,100",932,868
NS,Jun-19,"20,145",900,853
NS,Jul-19,"20,190",873,844
NS,Aug-19,"20,206",863,851
NS,Sep-19,"20,184",891,896
NS,Oct-19,"20,147",871,880
NS,Nov-19,"20,219",860,835
NS,Dec-19,"20,056",865,928
NS,Jan-20,"20,002",884,923
NS,Feb-20,"19,993",800,806
NS,Mar-20,"19,614",763,"1,131"
NS,Apr-20,"18,052",617,"2,144"
NS,May-20,"17,478",900,"1,506"
NS,Jun-20,"18,185","1,442",971
NS,Jul-20,"18,623","1,253",781
NS,Aug-20,"18,915","1,085",736
NS,Sep-20,"19,178",979,683
NS,Oct-20,"19,329",966,758
NS,Nov-20,"19,458",967,838
NS,Dec-20,"19,654",990,742
NS,Jan-21,"19,769",912,783
NS,Feb-21,"19,864",913,807
NS,Mar-21,"19,995",900,804
NS,Apr-21,"19,897",803,874
NS,May-21,"19,673",691,953
NS,Jun-21,"19,756",916,827
NS,Jul-21,"19,928",942,780
NS,Aug-21,"20,020",897,808
NS,Sep-21,"20,071",859,796
NS,Oct-21,"20,161",946,833
NS,Nov-21,"20,249",921,849
NS,Dec-21,"20,269",927,894
NS,Jan-22,"20,329",920,858
NS,Feb-22,"20,335",937,932
NS,Mar-22,"20,456",959,877
NS,Apr-22,"20,532",961,874
NS,May-22,"20,542",814,886
NS,Jun-22,"20,564",878,802
NS,Jul-22,"20,595",969,936
NS,Aug-22,"20,536",881,941
NS,Sep-22,"20,533",902,891
NS,Oct-22,"20,515",898,903
NS,Nov-22,"20,585",940,861
NS,Dec-22,"20,629",921,866
NS,Jan-23,"20,652",944,913
NS,Feb-23,"20,666",901,893
NS,Mar-23,"20,590",895,998
NS,Apr-23,"20,659",964,890
NS,May-23,"20,802",937,898
NS,Jun-23,"20,691",921,976
NS,Jul-23,"20,668",877,901
NS,Aug-23,"20,704",959,902
NS,Sep-23,"20,711",963,951
NS,Oct-23,"20,736",943,903
NS,Nov-23,"20,718",915,926
NS,Dec-23,"20,736",947,925
NS,Jan-24,"20,793",970,908
NS,Feb-24,"20,828",977,937
NS,Mar-24,"20,866",957,937
NS,Apr-24,"20,832",900,944
NB,Jan-15,"17,294",759,747
NB,Feb-15,"17,314",747,738
NB,Mar-15,"17,334",723,705
NB,Apr-15,"17,208",710,761
NB,May-15,"17,359",773,737
NB,Jun-15,"17,334",714,733
NB,Jul-15,"17,408",808,729
NB,Aug-15,"17,422",776,741
NB,Sep-15,"17,484",694,685
NB,Oct-15,"17,483",770,762
NB,Nov-15,"17,518",796,721
NB,Dec-15,"17,510",743,727
NB,Jan-16,"17,525",751,765
NB,Feb-16,"17,505",774,801
NB,Mar-16,"17,514",778,761
NB,Apr-16,"17,559",799,774
NB,May-16,"17,550",781,784
NB,Jun-16,"17,506",698,684
NB,Jul-16,"17,548",846,873
NB,Aug-16,"17,559",773,759
NB,Sep-16,"17,507",700,785
NB,Oct-16,"17,471",779,768
NB,Nov-16,"17,447",805,798
NB,Dec-16,"17,472",807,769
NB,Jan-17,"17,510",824,746
NB,Feb-17,"17,479",711,758
NB,Mar-17,"17,443",759,802
NB,Apr-17,"17,416",763,772
NB,May-17,"17,416",752,708
NB,Jun-17,"17,497",796,762
NB,Jul-17,"17,442",747,793
NB,Aug-17,"17,464",844,795
NB,Sep-17,"17,578",789,765
NB,Oct-17,"17,493",712,760
NB,Nov-17,"17,500",659,644
NB,Dec-17,"17,454",722,781
NB,Jan-18,"17,405",740,770
NB,Feb-18,"17,443",758,734
NB,Mar-18,"17,438",756,771
NB,Apr-18,"17,421",735,728
NB,May-18,"17,279",709,788
NB,Jun-18,"17,413",759,755
NB,Jul-18,"17,450",726,697
NB,Aug-18,"17,301",728,951
NB,Sep-18,"17,279",756,817
NB,Oct-18,"17,329",781,697
NB,Nov-18,"17,406",992,804
NB,Dec-18,"17,329",732,770
NB,Jan-19,"17,199",695,804
NB,Feb-19,"17,184",722,768
NB,Mar-19,"17,269",672,663
NB,Apr-19,"17,298",751,726
NB,May-19,"17,368",789,749
NB,Jun-19,"17,375",744,750
NB,Jul-19,"17,428",746,724
NB,Aug-19,"17,446",732,695
NB,Sep-19,"17,449",734,740
NB,Oct-19,"17,371",725,738
NB,Nov-19,"17,357",716,716
NB,Dec-19,"17,294",735,717
NB,Jan-20,"17,251",703,706
NB,Feb-20,"17,207",642,674
NB,Mar-20,"16,899",587,819
NB,Apr-20,"15,629",555,"2,058"
NB,May-20,"15,607",890,"1,132"
NB,Jun-20,"15,965","1,049",803
NB,Jul-20,"16,241",888,557
NB,Aug-20,"16,301",758,552
NB,Sep-20,"16,626",779,494
NB,Oct-20,"16,727",781,567
NB,Nov-20,"16,761",764,626
NB,Dec-20,"16,855",799,635
NB,Jan-21,"16,977",738,633
NB,Feb-21,"16,973",714,680
NB,Mar-21,"17,083",740,652
NB,Apr-21,"16,991",684,756
NB,May-21,"16,972",673,641
NB,Jun-21,"16,984",672,660
NB,Jul-21,"17,024",680,665
NB,Aug-21,"16,982",661,675
NB,Sep-21,"17,081",709,666
NB,Oct-21,"17,182",697,606
NB,Nov-21,"17,215",728,693
NB,Dec-21,"17,211",703,716
NB,Jan-22,"17,272",756,699
NB,Feb-22,"17,296",747,703
NB,Mar-22,"17,331",743,722
NB,Apr-22,"17,365",722,696
NB,May-22,"17,340",717,729
NB,Jun-22,"17,299",712,696
NB,Jul-22,"17,354",713,705
NB,Aug-22,"17,325",734,761
NB,Sep-22,"17,355",705,709
NB,Oct-22,"17,303",720,729
NB,Nov-22,"17,326",688,688
NB,Dec-22,"17,340",711,685
NB,Jan-23,"17,390",733,694
NB,Feb-23,"17,356",700,715
NB,Mar-23,"17,324",661,729
NB,Apr-23,"17,367",820,734
NB,May-23,"17,393",732,715
NB,Jun-23,"17,388",733,741
NB,Jul-23,"17,364",720,730
NB,Aug-23,"17,386",738,695
NB,Sep-23,"17,387",664,717
NB,Oct-23,"17,389",718,698
NB,Nov-23,"17,426",744,686
NB,Dec-23,"17,437",718,720
NB,Jan-24,"17,424",702,735
NB,Feb-24,"17,410",740,732
NB,Mar-24,"17,444",702,713
NB,Apr-24,"17,380",711,735
QC,Jan-15,"186,011","7,103","6,489"
QC,Feb-15,"186,983","7,051","6,291"
QC,Mar-15,"186,912","6,463","6,384"
QC,Apr-15,"186,952","7,207","7,115"
QC,May-15,"188,301","7,239","5,881"
QC,Jun-15,"186,151","5,235","6,698"
QC,Jul-15,"187,277","7,363","6,926"
QC,Aug-15,"188,157","7,074","6,311"
QC,Sep-15,"187,466","5,640","6,755"
QC,Oct-15,"187,579","7,209","7,016"
QC,Nov-15,"187,799","7,618","6,619"
QC,Dec-15,"186,892","5,628","6,626"
QC,Jan-16,"187,453","7,883","7,099"
QC,Feb-16,"187,575","7,170","7,246"
QC,Mar-16,"187,426","6,834","6,780"
QC,Apr-16,"187,774","7,113","6,578"
QC,May-16,"187,971","6,886","6,846"
QC,Jun-16,"187,535","5,827","5,847"
QC,Jul-16,"187,678","7,143","7,880"
QC,Aug-16,"187,748","7,062","7,217"
QC,Sep-16,"187,726","6,344","6,883"
QC,Oct-16,"187,822","7,207","7,019"
QC,Nov-16,"187,778","8,333","7,249"
QC,Dec-16,"188,122","6,993","6,878"
QC,Jan-17,"188,470","6,710","6,559"
QC,Feb-17,"189,237","6,917","6,294"
QC,Mar-17,"188,265","6,943","7,263"
QC,Apr-17,"188,240","7,123","6,950"
QC,May-17,"188,803","7,161","6,418"
QC,Jun-17,"189,138","7,185","6,856"
QC,Jul-17,"189,161","6,261","6,840"
QC,Aug-17,"189,551","7,057","6,648"
QC,Sep-17,"189,460","7,227","7,854"
QC,Oct-17,"189,519","6,963","6,822"
QC,Nov-17,"190,083","6,539","5,533"
QC,Dec-17,"189,698","6,913","7,243"
QC,Jan-18,"189,987","7,112","6,855"
QC,Feb-18,"190,399","7,143","6,804"
QC,Mar-18,"190,567","7,273","6,979"
QC,Apr-18,"190,656","6,796","6,744"
QC,May-18,"190,470","7,033","7,475"
QC,Jun-18,"190,913","6,999","6,815"
QC,Jul-18,"191,000","6,104","6,713"
QC,Aug-18,"190,526","7,400","8,102"
QC,Sep-18,"191,273","7,322","7,221"
QC,Oct-18,"191,484","7,094","6,924"
QC,Nov-18,"191,421","12,940","10,489"
QC,Dec-18,"191,504","7,082","7,079"
QC,Jan-19,"191,493","7,094","7,088"
QC,Feb-19,"191,208","7,102","7,316"
QC,Mar-19,"192,324","7,391","6,358"
QC,Apr-19,"192,294","6,887","6,973"
QC,May-19,"192,807","7,435","7,081"
QC,Jun-19,"192,931","7,345","7,344"
QC,Jul-19,"193,049","7,301","7,409"
QC,Aug-19,"193,384","7,093","6,705"
QC,Sep-19,"193,485","7,163","7,071"
QC,Oct-19,"193,380","7,218","7,206"
QC,Nov-19,"193,430","7,449","6,885"
QC,Dec-19,"193,835","7,212","6,574"
QC,Jan-20,"193,906","7,242","6,709"
QC,Feb-20,"193,801","6,631","6,470"
QC,Mar-20,"186,483","5,653","10,275"
QC,Apr-20,"176,449","5,766","21,286"
QC,May-20,"173,332","9,920","13,919"
QC,Jun-20,"172,434","9,979","13,023"
QC,Jul-20,"178,154","14,111","5,968"
QC,Aug-20,"181,658","9,579","4,663"
QC,Sep-20,"186,535","9,890","5,715"
QC,Oct-20,"188,524","9,537","6,243"
QC,Nov-20,"188,944","9,464","7,766"
QC,Dec-20,"190,559","7,928","6,687"
QC,Jan-21,"190,508","7,602","7,157"
QC,Feb-21,"191,402","8,230","7,026"
QC,Mar-21,"192,007","7,565","6,851"
QC,Apr-21,"192,746","7,758","7,034"
QC,May-21,"192,987","6,502","6,636"
QC,Jun-21,"193,711","7,521","6,970"
QC,Jul-21,"194,691","7,903","6,904"
QC,Aug-21,"195,472","7,670","6,824"
QC,Sep-21,"196,208","7,515","6,978"
QC,Oct-21,"197,117","7,938","6,868"
QC,Nov-21,"197,592","7,833","7,200"
QC,Dec-21,"198,382","7,775","7,463"
QC,Jan-22,"198,628","7,899","7,433"
QC,Feb-22,"198,536","8,170","8,024"
QC,Mar-22,"199,325","8,268","7,513"
QC,Apr-22,"200,176","8,045","7,215"
QC,May-22,"199,721","7,267","7,939"
QC,Jun-22,"200,045","7,388","6,899"
QC,Jul-22,"200,130","7,743","7,978"
QC,Aug-22,"199,957","7,592","7,606"
QC,Sep-22,"200,874","7,619","6,833"
QC,Oct-22,"201,086","7,675","7,479"
QC,Nov-22,"200,632","7,284","7,564"
QC,Dec-22,"201,441","7,389","6,893"
QC,Jan-23,"201,824","7,399","7,004"
QC,Feb-23,"201,881","7,145","7,249"
QC,Mar-23,"200,429","6,713","7,496"
QC,Apr-23,"200,839","8,053","7,784"
QC,May-23,"201,119","7,616","7,136"
QC,Jun-23,"201,529","7,487","7,062"
QC,Jul-23,"201,582","6,604","7,033"
QC,Aug-23,"201,486","7,379","7,420"
QC,Sep-23,"201,531","7,412","7,505"
QC,Oct-23,"201,524","7,247","7,374"
QC,Nov-23,"201,796","7,470","7,000"
QC,Dec-23,"201,930","7,365","7,463"
QC,Jan-24,"202,317","7,378","6,945"
QC,Feb-24,"202,644","7,100","6,996"
QC,Mar-24,"202,304","6,942","7,015"
QC,Apr-24,"202,203","6,900","7,069"
ON,Jan-15,"322,107","16,483","12,860"
ON,Feb-15,"323,105","16,573","13,544"
ON,Mar-15,"324,775","15,174","13,281"
ON,Apr-15,"325,544","15,487","14,646"
ON,May-15,"326,745","15,625","13,736"
ON,Jun-15,"327,202","13,788","14,283"
ON,Jul-15,"328,650","15,282","14,055"
ON,Aug-15,"329,327","15,120","14,106"
ON,Sep-15,"328,855","13,938","14,236"
ON,Oct-15,"329,975","16,003","14,461"
ON,Nov-15,"330,254","16,531","14,883"
ON,Dec-15,"329,537","14,976","14,953"
ON,Jan-16,"335,913","16,380","13,675"
ON,Feb-16,"330,839","15,350","18,008"
ON,Mar-16,"331,203","15,817","15,313"
ON,Apr-16,"332,820","16,208","14,604"
ON,May-16,"333,179","15,711","14,780"
ON,Jun-16,"333,234","13,956","14,679"
ON,Jul-16,"333,271","16,734","16,998"
ON,Aug-16,"333,601","15,689","15,298"
ON,Sep-16,"333,689","15,699","15,277"
ON,Oct-16,"333,745","16,280","16,073"
ON,Nov-16,"334,427","18,256","15,876"
ON,Dec-16,"335,792","16,504","15,499"
ON,Jan-17,"336,977","15,688","15,890"
ON,Feb-17,"338,201","15,914","13,955"
ON,Mar-17,"336,472","15,942","17,582"
ON,Apr-17,"337,477","16,046","15,445"
ON,May-17,"339,223","16,481","13,757"
ON,Jun-17,"340,818","16,443","15,684"
ON,Jul-17,"338,674","13,851","16,549"
ON,Aug-17,"339,720","16,888","15,713"
ON,Sep-17,"341,012","18,094","16,287"
ON,Oct-17,"340,191","15,106","16,085"
ON,Nov-17,"340,643","15,045","13,062"
ON,Dec-17,"340,647","16,080","16,126"
ON,Jan-18,"341,165","15,772","15,908"
ON,Feb-18,"341,899","16,262","15,391"
ON,Mar-18,"342,783","16,801","16,124"
ON,Apr-18,"343,583","16,008","15,875"
ON,May-18,"342,191","15,477","16,504"
ON,Jun-18,"344,731","18,356","16,133"
ON,Jul-18,"345,012","15,601","15,443"
ON,Aug-18,"343,625","16,415","17,815"
ON,Sep-18,"344,197","17,624","16,626"
ON,Oct-18,"344,770","17,404","16,450"
ON,Nov-18,"344,549","21,465","19,570"
ON,Dec-18,"344,709","16,372","16,872"
ON,Jan-19,"344,771","16,779","16,791"
ON,Feb-19,"345,828","17,029","16,576"
ON,Mar-19,"347,016","16,758","16,015"
ON,Apr-19,"348,262","16,581","16,392"
ON,May-19,"348,828","17,367","16,935"
ON,Jun-19,"349,069","17,632","16,768"
ON,Jul-19,"349,219","16,346","16,227"
ON,Aug-19,"349,067","16,073","15,667"
ON,Sep-19,"348,917","16,824","16,622"
ON,Oct-19,"348,574","16,344","16,282"
ON,Nov-19,"347,971","16,416","15,529"
ON,Dec-19,"348,989","16,424","15,865"
ON,Jan-20,"348,310","16,307","16,297"
ON,Feb-20,"348,296","14,364","15,141"
ON,Mar-20,"338,104","12,952","20,670"
ON,Apr-20,"310,556","13,187","49,229"
ON,May-20,"297,269","17,075","33,341"
ON,Jun-20,"299,081","24,848","22,594"
ON,Jul-20,"308,546","26,363","14,398"
ON,Aug-20,"315,255","21,673","11,374"
ON,Sep-20,"322,014","20,332","12,585"
ON,Oct-20,"325,978","20,559","14,316"
ON,Nov-20,"326,980","18,545","15,660"
ON,Dec-20,"333,253","18,633","14,749"
ON,Jan-21,"335,070","17,915","16,056"
ON,Feb-21,"336,854","18,020","16,549"
ON,Mar-21,"339,450","18,348","16,089"
ON,Apr-21,"339,384","16,837","17,841"
ON,May-21,"339,030","15,656","16,339"
ON,Jun-21,"337,342","17,429","17,649"
ON,Jul-21,"343,137","20,350","13,855"
ON,Aug-21,"343,598","17,179","16,288"
ON,Sep-21,"344,958","17,692","16,585"
ON,Oct-21,"347,092","18,491","15,938"
ON,Nov-21,"348,671","18,148","16,156"
ON,Dec-21,"349,449","16,886","17,438"
ON,Jan-22,"352,175","17,997","16,278"
ON,Feb-22,"352,709","19,309","18,517"
ON,Mar-22,"353,916","18,210","17,429"
ON,Apr-22,"356,102","18,487","16,367"
ON,May-22,"356,694","17,815","17,151"
ON,Jun-22,"356,426","17,423","16,410"
ON,Jul-22,"357,007","18,279","17,705"
ON,Aug-22,"357,055","18,300","17,870"
ON,Sep-22,"357,483","17,828","17,456"
ON,Oct-22,"357,403","18,002","18,083"
ON,Nov-22,"357,202","17,626","17,640"
ON,Dec-22,"358,437","17,529","16,960"
ON,Jan-23,"360,700","18,113","16,670"
ON,Feb-23,"359,919","17,449","17,798"
ON,Mar-23,"358,634","16,243","17,864"
ON,Apr-23,"359,209","18,750","18,103"
ON,May-23,"360,253","19,190","17,505"
ON,Jun-23,"360,421","18,344","17,575"
ON,Jul-23,"360,272","16,785","17,198"
ON,Aug-23,"360,456","18,269","17,846"
ON,Sep-23,"360,492","18,223","18,291"
ON,Oct-23,"360,458","18,043","18,085"
ON,Nov-23,"360,858","18,055","17,507"
ON,Dec-23,"361,442","18,395","18,406"
ON,Jan-24,"361,969","18,547","18,036"
ON,Feb-24,"361,710","18,153","17,917"
ON,Mar-24,"362,016","17,649","17,936"
ON,Apr-24,"361,708","17,773","18,050"
MB,Jan-15,"26,772","1,165","1,034"
MB,Feb-15,"26,871","1,198","1,025"
MB,Mar-15,"26,945","1,127","1,013"
MB,Apr-15,"26,924","1,141","1,132"
MB,May-15,"27,014","1,287","1,260"
MB,Jun-15,"27,012","1,162","1,171"
MB,Jul-15,"27,131","1,226","1,138"
MB,Aug-15,"27,228","1,196","1,091"
MB,Sep-15,"27,253","1,103","1,087"
MB,Oct-15,"27,162","1,151","1,220"
MB,Nov-15,"27,301","1,297","1,051"
MB,Dec-15,"27,294","1,155","1,129"
MB,Jan-16,"27,577","1,198","1,079"
MB,Feb-16,"27,271","1,125","1,364"
MB,Mar-16,"27,277","1,153","1,129"
MB,Apr-16,"27,330","1,218","1,153"
MB,May-16,"27,416","1,170","1,114"
MB,Jun-16,"27,321","1,039","1,101"
MB,Jul-16,"27,228","1,214","1,361"
MB,Aug-16,"27,269","1,191","1,169"
MB,Sep-16,"27,319","1,187","1,170"
MB,Oct-16,"27,355","1,232","1,174"
MB,Nov-16,"27,355","1,406","1,263"
MB,Dec-16,"27,368","1,182","1,159"
MB,Jan-17,"27,439","1,191","1,184"
MB,Feb-17,"27,448","1,203","1,166"
MB,Mar-17,"27,403","1,210","1,236"
MB,Apr-17,"27,470","1,199","1,104"
MB,May-17,"27,503","1,134","1,110"
MB,Jun-17,"27,468","1,134","1,145"
MB,Jul-17,"27,451","1,093","1,165"
MB,Aug-17,"27,472","1,141","1,128"
MB,Sep-17,"27,404","1,262","1,366"
MB,Oct-17,"27,409","1,147","1,134"
MB,Nov-17,"27,432","1,114","1,011"
MB,Dec-17,"27,466","1,182","1,146"
MB,Jan-18,"27,474","1,118","1,146"
MB,Feb-18,"27,552","1,207","1,133"
MB,Mar-18,"27,584","1,191","1,143"
MB,Apr-18,"27,603","1,177","1,150"
MB,May-18,"27,624","1,198","1,226"
MB,Jun-18,"27,646","1,213","1,194"
MB,Jul-18,"27,640","1,110","1,177"
MB,Aug-18,"27,573","1,246","1,314"
MB,Sep-18,"27,658","1,286","1,240"
MB,Oct-18,"27,651","1,268","1,278"
MB,Nov-18,"27,630","1,709","1,508"
MB,Dec-18,"27,629","1,241","1,269"
MB,Jan-19,"27,601","1,301","1,238"
MB,Feb-19,"27,656","1,250","1,223"
MB,Mar-19,"27,769","1,312","1,185"
MB,Apr-19,"27,756","1,235","1,263"
MB,May-19,"27,749","1,291","1,399"
MB,Jun-19,"27,833","1,288","1,212"
MB,Jul-19,"27,827","1,218","1,273"
MB,Aug-19,"27,879","1,247","1,144"
MB,Sep-19,"27,852","1,233","1,285"
MB,Oct-19,"27,821","1,184","1,225"
MB,Nov-19,"27,830","1,246","1,130"
MB,Dec-19,"27,935","1,240","1,135"
MB,Jan-20,"27,797","1,223","1,213"
MB,Feb-20,"27,732","1,064","1,161"
MB,Mar-20,"27,270","1,126","1,490"
MB,Apr-20,"26,250","1,233","2,530"
MB,May-20,"25,995","1,467","1,907"
MB,Jun-20,"26,050","1,451","1,422"
MB,Jul-20,"26,506","1,573","1,094"
MB,Aug-20,"26,791","1,363",925
MB,Sep-20,"27,137","1,356","1,015"
MB,Oct-20,"27,389","1,367","1,047"
MB,Nov-20,"27,326","1,235","1,206"
MB,Dec-20,"27,432","1,334","1,260"
MB,Jan-21,"27,359","1,319","1,268"
MB,Feb-21,"27,677","1,479","1,148"
MB,Mar-21,"27,853","1,308","1,137"
MB,Apr-21,"27,940","1,263","1,181"
MB,May-21,"28,045","1,186","1,091"
MB,Jun-21,"27,872","1,124","1,223"
MB,Jul-21,"28,067","1,244","1,135"
MB,Aug-21,"28,062","1,217","1,216"
MB,Sep-21,"28,084","1,219","1,247"
MB,Oct-21,"28,142","1,250","1,224"
MB,Nov-21,"28,193","1,265","1,193"
MB,Dec-21,"28,290","1,251","1,182"
MB,Jan-22,"28,436","1,240","1,147"
MB,Feb-22,"28,401","1,255","1,249"
MB,Mar-22,"28,414","1,233","1,234"
MB,Apr-22,"28,431","1,201","1,195"
MB,May-22,"28,392","1,186","1,230"
MB,Jun-22,"28,396","1,171","1,087"
MB,Jul-22,"28,453","1,238","1,251"
MB,Aug-22,"28,465","1,237","1,209"
MB,Sep-22,"28,507","1,220","1,183"
MB,Oct-22,"28,499","1,252","1,267"
MB,Nov-22,"28,477","1,223","1,225"
MB,Dec-22,"28,556","1,255","1,163"
MB,Jan-23,"28,711","1,258","1,160"
MB,Feb-23,"28,621","1,245","1,250"
MB,Mar-23,"28,569","1,188","1,250"
MB,Apr-23,"28,468","1,306","1,445"
MB,May-23,"28,629","1,410","1,241"
MB,Jun-23,"28,635","1,266","1,222"
MB,Jul-23,"28,634","1,123","1,183"
MB,Aug-23,"28,630","1,242","1,249"
MB,Sep-23,"28,658","1,290","1,263"
MB,Oct-23,"28,705","1,242","1,180"
MB,Nov-23,"28,758","1,245","1,181"
MB,Dec-23,"28,741","1,253","1,259"
MB,Jan-24,"28,807","1,261","1,226"
MB,Feb-24,"28,755","1,262","1,252"
MB,Mar-24,"28,766","1,257","1,265"
MB,Apr-24,"28,795","1,261","1,229"
SK,Jan-15,"25,773","1,257","1,159"
SK,Feb-15,"25,916","1,384","1,124"
SK,Mar-15,"25,898","1,146","1,141"
SK,Apr-15,"25,839","1,173","1,225"
SK,May-15,"25,837","1,202","1,236"
SK,Jun-15,"25,735","1,136","1,221"
SK,Jul-15,"25,693","1,170","1,179"
SK,Aug-15,"25,697","1,189","1,183"
SK,Sep-15,"25,569",977,"1,196"
SK,Oct-15,"25,545","1,204","1,198"
SK,Nov-15,"25,541","1,273","1,237"
SK,Dec-15,"25,440","1,159","1,207"
SK,Jan-16,"25,561","1,227","1,212"
SK,Feb-16,"25,311","1,174","1,288"
SK,Mar-16,"25,245","1,180","1,265"
SK,Apr-16,"25,252","1,211","1,218"
SK,May-16,"25,178","1,128","1,222"
SK,Jun-16,"25,105","1,185","1,236"
SK,Jul-16,"25,059","1,266","1,303"
SK,Aug-16,"25,028","1,221","1,254"
SK,Sep-16,"25,028","1,105","1,125"
SK,Oct-16,"25,037","1,277","1,272"
SK,Nov-16,"25,017","1,456","1,455"
SK,Dec-16,"25,059","1,293","1,268"
SK,Jan-17,"25,058","1,202","1,241"
SK,Feb-17,"24,937","1,242","1,297"
SK,Mar-17,"24,868","1,230","1,240"
SK,Apr-17,"24,862","1,201","1,269"
SK,May-17,"25,028","1,273","1,190"
SK,Jun-17,"24,921","1,210","1,205"
SK,Jul-17,"24,890","1,171","1,258"
SK,Aug-17,"24,885","1,209","1,212"
SK,Sep-17,"25,127","1,367","1,223"
SK,Oct-17,"24,794","1,134","1,428"
SK,Nov-17,"24,745","1,134","1,184"
SK,Dec-17,"24,686","1,204","1,221"
SK,Jan-18,"24,722","1,207","1,241"
SK,Feb-18,"24,891","1,396","1,159"
SK,Mar-18,"24,929","1,265","1,221"
SK,Apr-18,"24,875","1,096","1,171"
SK,May-18,"24,813","1,209","1,407"
SK,Jun-18,"24,893","1,325","1,213"
SK,Jul-18,"24,864","1,160","1,168"
SK,Aug-18,"24,711","1,180","1,291"
SK,Sep-18,"24,810","1,256","1,249"
SK,Oct-18,"24,789","1,248","1,263"
SK,Nov-18,"24,812","1,753","1,531"
SK,Dec-18,"24,757","1,165","1,284"
SK,Jan-19,"24,826","1,281","1,253"
SK,Feb-19,"24,826","1,224","1,213"
SK,Mar-19,"24,943","1,199","1,049"
SK,Apr-19,"24,993","1,207","1,201"
SK,May-19,"25,025","1,232","1,238"
SK,Jun-19,"24,997","1,246","1,263"
SK,Jul-19,"25,018","1,225","1,225"
SK,Aug-19,"25,100","1,324","1,216"
SK,Sep-19,"25,033","1,163","1,222"
SK,Oct-19,"25,026","1,187","1,173"
SK,Nov-19,"24,950","1,169","1,208"
SK,Dec-19,"24,933","1,157","1,173"
SK,Jan-20,"24,756","1,093","1,205"
SK,Feb-20,"24,717","1,093","1,140"
SK,Mar-20,"24,092",985,"1,474"
SK,Apr-20,"22,743",971,"2,582"
SK,May-20,"22,336","1,366","1,911"
SK,Jun-20,"22,676","1,665","1,341"
SK,Jul-20,"22,996","1,390",956
SK,Aug-20,"23,245","1,252",913
SK,Sep-20,"23,581","1,243",922
SK,Oct-20,"23,744","1,203",977
SK,Nov-20,"23,727","1,194","1,105"
SK,Dec-20,"24,187","1,283",969
SK,Jan-21,"24,418","1,191","1,011"
SK,Feb-21,"24,530","1,203","1,066"
SK,Mar-21,"24,726","1,171","1,024"
SK,Apr-21,"24,667","1,113","1,091"
SK,May-21,"24,724","1,083","1,036"
SK,Jun-21,"24,701","1,075","1,053"
SK,Jul-21,"24,781","1,075","1,011"
SK,Aug-21,"24,705",981,"1,055"
SK,Sep-21,"24,756","1,086","1,094"
SK,Oct-21,"24,752","1,070","1,059"
SK,Nov-21,"24,818","1,123","1,054"
SK,Dec-21,"24,856","1,091","1,060"
SK,Jan-22,"24,963","1,100","1,092"
SK,Feb-22,"24,951","1,128","1,131"
SK,Mar-22,"24,956","1,114","1,165"
SK,Apr-22,"24,986","1,119","1,045"
SK,May-22,"24,958","1,103","1,086"
SK,Jun-22,"24,987","1,125","1,060"
SK,Jul-22,"24,976","1,103","1,077"
SK,Aug-22,"24,957","1,110","1,141"
SK,Sep-22,"24,979","1,110","1,064"
SK,Oct-22,"24,993","1,127","1,141"
SK,Nov-22,"25,001","1,114","1,110"
SK,Dec-22,"25,009","1,123","1,141"
SK,Jan-23,"25,020","1,124","1,099"
SK,Feb-23,"25,027","1,096","1,106"
SK,Mar-23,"24,936","1,030","1,129"
SK,Apr-23,"24,979","1,200","1,155"
SK,May-23,"25,084","1,214","1,135"
SK,Jun-23,"24,966","1,101","1,143"
SK,Jul-23,"24,948","1,138","1,190"
SK,Aug-23,"24,983","1,120","1,092"
SK,Sep-23,"24,915","1,117","1,245"
SK,Oct-23,"24,950","1,155","1,101"
SK,Nov-23,"24,942","1,071","1,115"
SK,Dec-23,"24,831","1,110","1,163"
SK,Jan-24,"24,988","1,230","1,116"
SK,Feb-24,"25,028","1,165","1,107"
SK,Mar-24,"25,055","1,134","1,137"
SK,Apr-24,"25,038","1,134","1,134"
AB,Jan-15,"126,867","6,985","5,661"
AB,Feb-15,"126,895","6,899","6,334"
AB,Mar-15,"127,052","6,409","6,066"
AB,Apr-15,"126,942","6,472","6,574"
AB,May-15,"127,278","6,473","6,207"
AB,Jun-15,"126,472","5,729","6,432"
AB,Jul-15,"126,197","6,441","6,412"
AB,Aug-15,"126,201","6,373","6,311"
AB,Sep-15,"125,686","5,825","6,518"
AB,Oct-15,"125,230","6,453","6,738"
AB,Nov-15,"125,149","6,704","6,404"
AB,Dec-15,"124,661","6,298","6,665"
AB,Jan-16,"126,228","6,611","6,119"
AB,Feb-16,"123,734","6,213","8,218"
AB,Mar-16,"123,099","6,365","6,975"
AB,Apr-16,"122,848","6,693","6,863"
AB,May-16,"122,241","6,301","7,074"
AB,Jun-16,"121,814","5,905","6,243"
AB,Jul-16,"121,465","7,085","7,102"
AB,Aug-16,"121,095","6,194","6,664"
AB,Sep-16,"120,689","6,135","6,678"
AB,Oct-16,"120,489","6,508","6,531"
AB,Nov-16,"120,327","7,194","7,015"
AB,Dec-16,"120,526","6,539","6,432"
AB,Jan-17,"120,802","6,352","6,543"
AB,Feb-17,"121,161","6,532","6,150"
AB,Mar-17,"120,090","6,520","7,314"
AB,Apr-17,"120,240","6,271","6,320"
AB,May-17,"120,856","6,491","5,704"
AB,Jun-17,"121,093","6,337","6,098"
AB,Jul-17,"120,236","5,519","6,345"
AB,Aug-17,"120,401","6,583","6,491"
AB,Sep-17,"121,179","7,056","6,383"
AB,Oct-17,"120,597","6,103","6,569"
AB,Nov-17,"120,464","6,004","5,902"
AB,Dec-17,"120,334","6,311","6,509"
AB,Jan-18,"120,110","6,132","6,467"
AB,Feb-18,"120,356","6,391","6,277"
AB,Mar-18,"120,421","6,377","6,449"
AB,Apr-18,"120,461","6,288","6,132"
AB,May-18,"120,272","6,239","6,360"
AB,Jun-18,"120,460","6,802","6,570"
AB,Jul-18,"120,297","6,313","6,377"
AB,Aug-18,"120,053","6,560","6,833"
AB,Sep-18,"119,996","6,664","6,762"
AB,Oct-18,"119,964","6,709","6,636"
AB,Nov-18,"119,809","8,216","8,082"
AB,Dec-18,"119,835","6,379","6,717"
AB,Jan-19,"119,541","6,644","6,636"
AB,Feb-19,"119,825","6,484","6,411"
AB,Mar-19,"119,959","6,587","6,329"
AB,Apr-19,"120,051","6,462","6,575"
AB,May-19,"120,108","6,711","6,707"
AB,Jun-19,"120,090","6,638","6,561"
AB,Jul-19,"119,989","6,401","6,472"
AB,Aug-19,"119,892","6,231","6,225"
AB,Sep-19,"119,872","6,361","6,466"
AB,Oct-19,"119,607","6,068","6,349"
AB,Nov-19,"119,250","6,044","6,222"
AB,Dec-19,"119,659","6,247","6,248"
AB,Jan-20,"118,775","6,197","6,499"
AB,Feb-20,"118,338","5,356","5,962"
AB,Mar-20,"115,089","5,584","8,186"
AB,Apr-20,"108,757","5,702","13,311"
AB,May-20,"105,573","6,814","10,716"
AB,Jun-20,"107,113","8,643","7,095"
AB,Jul-20,"108,684","7,676","5,659"
AB,Aug-20,"109,898","6,728","4,876"
AB,Sep-20,"111,398","6,710","5,222"
AB,Oct-20,"112,769","6,922","5,259"
AB,Nov-20,"112,762","6,470","6,178"
AB,Dec-20,"115,222","6,834","5,287"
AB,Jan-21,"115,800","6,293","5,656"
AB,Feb-21,"116,309","6,162","5,762"
AB,Mar-21,"116,869","6,032","5,503"
AB,Apr-21,"116,791","5,820","5,832"
AB,May-21,"116,821","5,620","5,434"
AB,Jun-21,"116,812","5,906","5,696"
AB,Jul-21,"117,292","5,857","5,374"
AB,Aug-21,"117,202","5,683","5,688"
AB,Sep-21,"116,847","5,795","6,394"
AB,Oct-21,"116,901","5,808","5,895"
AB,Nov-21,"117,156","6,143","5,827"
AB,Dec-21,"117,204","5,887","6,117"
AB,Jan-22,"117,725","5,950","5,625"
AB,Feb-22,"117,853","6,233","6,150"
AB,Mar-22,"118,014","6,196","5,840"
AB,Apr-22,"118,489","5,991","5,563"
AB,May-22,"118,475","6,002","5,839"
AB,Jun-22,"118,432","5,823","5,666"
AB,Jul-22,"118,379","5,878","6,060"
AB,Aug-22,"118,258","5,984","6,065"
AB,Sep-22,"118,469","5,852","5,756"
AB,Oct-22,"118,477","5,918","5,978"
AB,Nov-22,"118,452","6,055","6,070"
AB,Dec-22,"118,762","6,016","5,805"
AB,Jan-23,"119,420","6,155","5,702"
AB,Feb-23,"119,573","6,118","5,972"
AB,Mar-23,"118,788","5,724","6,193"
AB,Apr-23,"119,088","6,394","6,213"
AB,May-23,"119,481","6,785","6,097"
AB,Jun-23,"119,666","6,281","6,003"
AB,Jul-23,"119,655","5,664","5,943"
AB,Aug-23,"119,941","6,193","5,868"
AB,Sep-23,"120,109","6,329","6,214"
AB,Oct-23,"120,314","6,295","6,087"
AB,Nov-23,"120,557","6,112","5,871"
AB,Dec-23,"120,768","6,297","6,212"
AB,Jan-24,"121,021","6,434","6,169"
AB,Feb-24,"121,117","6,227","6,123"
AB,Mar-24,"121,133","6,120","6,173"
AB,Apr-24,"121,190","6,277","6,094"
BC,Jan-15,"137,835","7,151","5,837"
BC,Feb-15,"138,626","7,154","6,003"
BC,Mar-15,"138,975","6,462","5,935"
BC,Apr-15,"139,118","6,647","6,368"
BC,May-15,"139,503","6,760","6,115"
BC,Jun-15,"139,550","6,352","6,410"
BC,Jul-15,"139,917","6,469","6,093"
BC,Aug-15,"140,329","6,573","6,111"
BC,Sep-15,"140,076","5,929","6,389"
BC,Oct-15,"140,418","6,817","6,370"
BC,Nov-15,"140,689","7,016","6,387"
BC,Dec-15,"140,460","6,584","6,559"
BC,Jan-16,"142,719","7,245","6,036"
BC,Feb-16,"141,167","6,661","7,769"
BC,Mar-16,"141,319","6,982","6,708"
BC,Apr-16,"141,746","7,039","6,476"
BC,May-16,"141,669","6,707","6,495"
BC,Jun-16,"141,975","6,413","6,262"
BC,Jul-16,"141,923","7,044","7,064"
BC,Aug-16,"142,072","6,892","6,811"
BC,Sep-16,"142,137","6,463","6,532"
BC,Oct-16,"142,325","7,190","6,955"
BC,Nov-16,"142,336","7,667","7,116"
BC,Dec-16,"142,748","7,191","6,862"
BC,Jan-17,"142,870","6,765","6,993"
BC,Feb-17,"143,822","7,171","6,106"
BC,Mar-17,"143,306","7,051","7,533"
BC,Apr-17,"143,577","7,089","6,809"
BC,May-17,"144,140","7,107","5,980"
BC,Jun-17,"144,870","7,243","6,894"
BC,Jul-17,"144,031","5,984","6,921"
BC,Aug-17,"144,492","7,122","6,728"
BC,Sep-17,"145,036","7,467","7,022"
BC,Oct-17,"145,081","6,748","6,761"
BC,Nov-17,"145,279","6,413","5,662"
BC,Dec-17,"145,488","6,999","6,813"
BC,Jan-18,"145,654","6,832","6,897"
BC,Feb-18,"146,121","7,070","6,685"
BC,Mar-18,"146,380","7,207","6,965"
BC,Apr-18,"146,709","6,951","6,619"
BC,May-18,"146,214","7,032","7,108"
BC,Jun-18,"147,679","7,933","6,873"
BC,Jul-18,"147,216","6,192","6,688"
BC,Aug-18,"146,994","7,356","7,706"
BC,Sep-18,"147,224","7,457","7,205"
BC,Oct-18,"147,041","7,260","7,513"
BC,Nov-18,"147,377","9,980","8,678"
BC,Dec-18,"147,481","7,278","7,392"
BC,Jan-19,"147,508","7,379","7,316"
BC,Feb-19,"147,672","7,342","7,420"
BC,Mar-19,"148,162","7,365","6,986"
BC,Apr-19,"148,210","7,293","7,411"
BC,May-19,"148,531","8,114","7,476"
BC,Jun-19,"148,836","7,588","7,543"
BC,Jul-19,"149,124","7,340","6,993"
BC,Aug-19,"149,419","6,892","6,634"
BC,Sep-19,"149,091","7,086","7,325"
BC,Oct-19,"149,036","6,880","6,983"
BC,Nov-19,"148,686","6,960","6,907"
BC,Dec-19,"148,389","6,948","7,222"
BC,Jan-20,"147,824","7,170","7,440"
BC,Feb-20,"147,460","6,184","6,846"
BC,Mar-20,"141,153","6,069","11,560"
BC,Apr-20,"134,339","8,432","16,735"
BC,May-20,"132,156","9,085","11,586"
BC,Jun-20,"134,843","10,601","8,456"
BC,Jul-20,"137,192","9,109","6,230"
BC,Aug-20,"139,488","7,821","4,957"
BC,Sep-20,"141,361","7,794","5,750"
BC,Oct-20,"143,086","8,130","6,044"
BC,Nov-20,"143,581","7,883","6,981"
BC,Dec-20,"146,339","8,108","5,943"
BC,Jan-21,"147,820","7,594","6,336"
BC,Feb-21,"148,825","7,457","6,582"
BC,Mar-21,"150,213","7,385","6,215"
BC,Apr-21,"150,228","6,979","7,125"
BC,May-21,"150,491","6,909","6,253"
BC,Jun-21,"151,146","7,165","6,392"
BC,Jul-21,"151,459","6,687","6,325"
BC,Aug-21,"151,764","6,938","6,596"
BC,Sep-21,"152,023","7,010","6,695"
BC,Oct-21,"152,643","7,205","6,634"
BC,Nov-21,"152,892","7,269","6,992"
BC,Dec-21,"152,996","7,210","7,246"
BC,Jan-22,"153,560","7,197","6,824"
BC,Feb-22,"154,087","7,902","7,286"
BC,Mar-22,"154,713","7,501","7,075"
BC,Apr-22,"155,388","7,294","6,753"
BC,May-22,"155,118","7,175","7,138"
BC,Jun-22,"155,174","7,039","6,807"
BC,Jul-22,"155,373","7,306","7,249"
BC,Aug-22,"155,454","7,351","7,240"
BC,Sep-22,"155,417","7,181","7,144"
BC,Oct-22,"155,082","7,248","7,813"
BC,Nov-22,"155,135","7,191","7,115"
BC,Dec-22,"155,292","7,139","6,974"
BC,Jan-23,"155,799","7,344","6,964"
BC,Feb-23,"155,946","7,259","7,101"
BC,Mar-23,"155,065","6,526","7,468"
BC,Apr-23,"154,478","7,652","8,532"
BC,May-23,"155,642","8,954","7,257"
BC,Jun-23,"155,593","7,625","7,529"
BC,Jul-23,"155,427","6,517","7,099"
BC,Aug-23,"155,430","7,409","7,365"
BC,Sep-23,"155,277","7,510","7,577"
BC,Oct-23,"155,366","7,309","7,290"
BC,Nov-23,"155,576","7,356","7,089"
BC,Dec-23,"155,505","7,500","7,608"
BC,Jan-24,"155,766","7,748","7,404"
BC,Feb-24,"155,863","7,589","7,465"
BC,Mar-24,"155,875","7,343","7,509"
BC,Apr-24,"156,146","7,715","7,516"